4/11/2015,ABAND
4/12/2015,ACETA
4/13/2015,ADHTP
4/14/2015,ANTTB
4/15/2015,ANTIB
4/16/2015,ANBON
4/17/2015,ADIAP
4/18/2015,ANFSK
4/19/2015,BNDAD
4/20/2015,BCTRL
4/21/2015,BISUB
4/22/2015,CALML
4/23/2015,COART
4/24/2015,CNDMS
4/25/2015,CHDRP
4/26/2015,DECON
4/27/2015,DTLFL
4/28/2015,DPHDM
4/29/2015,EDROP
4/30/2015,GAUZL
5/1/2015,GAUZS
5/2/2015,HBCLN
5/3/2015,HYDCR
5/4/2015,HYDPR
5/5/2015,IBPRF
5/6/2015,INSRL
5/7/2015,INSRS
5/8/2015,LIPBM
5/9/2015,MALMD
5/10/2015,RPMLK
5/11/2015,MIFKT
5/12/2015,MLVTM
5/13/2015,ORHDS
5/14/2015,PLANB
5/15/2015,SRTLZ
5/16/2015,SUNSC
5/17/2015,THERM
